implementation,count,mean_ns,p50_ns,p90_ns,p99_ns,min_ns,max_ns
BookBaseline,490000,3060.67,1633.11,4378.34,29576.4,20.0382,4.5577e+06
Book,490000,2642.78,1242.37,3566.8,28404.1,20.0382,1.20475e+07
Book+Logger,490000,2750.73,1262.41,3697.04,28674.6,20.0382,1.32448e+07
