implementation,count,mean_ns,p50_ns,p90_ns,p99_ns,min_ns,max_ns
BookBaseline,490000,2938.53,1633.12,4278.19,29165.8,20.0383,3.29718e+06
Book,490000,2649.26,1222.34,3586.86,28684.9,10.0192,1.3629e+07
Book+Logger,490000,2662.51,1272.43,3797.27,28805.1,20.0383,4.51357e+06
