implementation,count,mean_ns,p50_ns,p90_ns,p99_ns,min_ns,max_ns
BookBaseline,480000,3113.78,1683.26,4418.57,29477.2,20.0389,4.26141e+06
Book,480000,2515.2,1202.33,3486.76,28064.4,20.0389,4.63753e+06
Book+Logger,480000,5279.27,1252.43,3837.44,29056.3,20.0389,1.17195e+07
